{"cameraMode":{"drawMode":0,"name":"Shaded","section":"Shading Mode"},"sceneLighting":false,"audioPlay":false,"sceneViewState":{"showFog":true,"showMaterialUpdate":false,"showSkybox":true,"showFlares":true,"showImageEffects":true,"showParticleSystems":true},"in2DMode":false,"pivot":{"x":-9.520000457763672,"y":1.7897403240203858,"z":-2.2899999618530275},"rotation":{"x":-0.255622923374176,"y":0.0536222979426384,"z":-0.01420148741453886,"w":-0.9651839137077332},"size":5.045541763305664,"orthographic":false}