{"cameraMode":{"drawMode":0,"name":"Shaded","section":"Shading Mode"},"sceneLighting":false,"audioPlay":false,"sceneViewState":{"showFog":true,"showMaterialUpdate":false,"showSkybox":true,"showFlares":true,"showImageEffects":true,"showParticleSystems":true},"in2DMode":false,"pivot":{"x":0.07852828502655029,"y":3.2899999618530275,"z":-4.010000228881836},"rotation":{"x":-0.23648501932621003,"y":-0.07103518396615982,"z":0.01733822375535965,"w":-0.9688799381256104},"size":5.715767860412598,"orthographic":false}