{"cameraMode":{"drawMode":0,"name":"Shaded","section":"Shading Mode"},"sceneLighting":false,"audioPlay":false,"sceneViewState":{"showFog":true,"showMaterialUpdate":false,"showSkybox":true,"showFlares":true,"showImageEffects":true,"showParticleSystems":true},"in2DMode":false,"pivot":{"x":-1.600622534751892,"y":0.49491167068481448,"z":7.321930885314941},"rotation":{"x":0.13398651778697968,"y":-0.010405122302472592,"z":0.0014069047756493092,"w":0.990927517414093},"size":2.857883930206299,"orthographic":false}