{"cameraMode":{"drawMode":0,"name":"Shaded","section":"Shading Mode"},"sceneLighting":false,"audioPlay":false,"sceneViewState":{"showFog":true,"showMaterialUpdate":false,"showSkybox":true,"showFlares":true,"showImageEffects":true,"showParticleSystems":true},"in2DMode":false,"pivot":{"x":8.779999732971192,"y":2.692674398422241,"z":-2.384185791015625e-7},"rotation":{"x":-0.28206273913383486,"y":-0.31865543127059939,"z":0.0999346598982811,"w":-0.8993955850601196},"size":5.715778350830078,"orthographic":false}